Group,Start_Rate,Not_Passed_Startstep_Rate
Test,0.989280530018238,0.09007110877008165
Control,0.9942749722293429,0.13935201100034375
